﻿<?xml version="1.0" encoding="utf-8"?>
<key id="26b9af91-f671-4171-8e00-41ad1758bf94" version="1">
  <creationDate>2025-02-10T02:05:10.7288409Z</creationDate>
  <activationDate>2025-02-10T02:05:10.724726Z</activationDate>
  <expirationDate>2025-05-11T02:05:10.724726Z</expirationDate>
  <descriptor deserializerType="Microsoft.AspNetCore.DataProtection.AuthenticatedEncryption.ConfigurationModel.AuthenticatedEncryptorDescriptorDeserializer, Microsoft.AspNetCore.DataProtection, Version=8.0.0.0, Culture=neutral, PublicKeyToken=adb9793829ddae60">
    <descriptor>
      <encryption algorithm="AES_256_CBC" />
      <validation algorithm="HMACSHA256" />
      <masterKey p4:requiresEncryption="true" xmlns:p4="http://schemas.asp.net/2015/03/dataProtection">
        <!-- Warning: the key below is in an unencrypted form. -->
        <value>WKc2u1KylvGHHPT234AhC6bIkV8lcka5DeuITyFaGrqnkcdzEy/DK2swhW3NzN5d8qojUR1avIgmfPUv5N+0kg==</value>
      </masterKey>
    </descriptor>
  </descriptor>
</key>